# WhaleFlow 集保趨勢選股報告,掃描日期：2026-03-20
# 評分標準：滿足以下任一條件即入選
# 條件A（3分）,400張以上持股比例，連續4週每週都在增加（含雜訊過濾：每週人數變動需 > 3人）
# 條件B（2分）,800張以上持股股數，連續2週增加（含雜訊過濾：每週人數變動需 > 3人）
# 條件C（2.5分）,1000張以上持股人數與股數，同時在本週增加（人數增加需 > 3人）
# 多條件同時滿足則分數累加，最高7.5分
# 股價過濾：排除近一週漲幅 > 20% 的個股

排名,股票代號,股票名稱,週漲跌幅,法人淨買,分數,條件,說明,掃描週
1,1711,永光,N/A,+16.7千張,5.5,A+C,A: pct400 46.59%→53.24% (+6.65%) 人數90→97 (+7人) (4週淨增) | C: h1000+4 shares1000+22522k,2026-03-20
2,2603,長榮,N/A,+30.2千張,5.5,A+C,A: pct400 66.15%→68.35% (+2.20%) 人數351→355 (+4人) (4週淨增) | C: h1000+5 shares1000+25503k,2026-03-20
3,3702,大聯大,N/A,+53.0千張,5.5,A+C,A: pct400 82.12%→84.32% (+2.20%) 人數261→267 (+6人) (4週淨增) | C: h1000+6 shares1000+25249k,2026-03-20
4,8028,昇陽半導體,N/A,+2.2千張,5.5,A+C,A: pct400 34.18%→44.78% (+10.60%) 人數48→55 (+7人) (4週淨增) | C: h1000+6 shares1000+15351k,2026-03-20
5,1785,光洋科,+16.6%,+3.9千張,5.0,A+B,A: pct400 47.63%→60.44% (+12.81%) 人數113→133 (+20人) (4週淨增) | B: shares800 +60422k/+11868k (2週),2026-03-20
6,1409,新纖,N/A,-1.5千張,3.0,A,A: pct400 65.07%→66.20% (+1.13%) 人數202→207 (+5人) (4週淨增),2026-03-20
7,1584,精剛,+0.2%,+510張,3.0,A,A: pct400 39.44%→40.22% (+0.78%) 人數34→38 (+4人) (4週淨增),2026-03-20
8,1708,東鹼,N/A,+8.7千張,3.0,A,A: pct400 45.07%→50.60% (+5.53%) 人數51→54 (+3人) (4週淨增),2026-03-20
9,2340,台亞,N/A,+5.9千張,3.0,A,A: pct400 36.40%→38.82% (+2.42%) 人數53→56 (+3人) (4週淨增),2026-03-20
10,2355,敬鵬,N/A,+3.8千張,3.0,A,A: pct400 38.54%→42.65% (+4.11%) 人數92→96 (+4人) (4週淨增),2026-03-20
11,2363,矽統,N/A,+1.5千張,3.0,A,A: pct400 31.19%→32.73% (+1.54%) 人數57→61 (+4人) (4週淨增),2026-03-20
12,2385,群光,N/A,+2.7千張,3.0,A,A: pct400 75.62%→76.83% (+1.21%) 人數203→209 (+6人) (4週淨增),2026-03-20
13,2393,億光,N/A,+1.8千張,3.0,A,A: pct400 64.10%→66.14% (+2.04%) 人數114→119 (+5人) (4週淨增),2026-03-20
14,2401,凌陽,N/A,-154張,3.0,A,A: pct400 35.56%→35.87% (+0.31%) 人數83→86 (+3人) (4週淨增),2026-03-20
15,2412,中華電,N/A,+7.8千張,3.0,A,A: pct400 79.08%→79.22% (+0.14%) 人數531→537 (+6人) (4週淨增),2026-03-20
16,2426,鼎元,N/A,+2.9千張,3.0,A,A: pct400 42.99%→47.39% (+4.40%) 人數55→62 (+7人) (4週淨增),2026-03-20
17,2458,義隆,N/A,-1.6千張,3.0,A,A: pct400 57.27%→60.98% (+3.71%) 人數72→81 (+9人) (4週淨增),2026-03-20
18,2617,台航,N/A,+900張,3.0,A,A: pct400 60.96%→62.43% (+1.47%) 人數51→56 (+5人) (4週淨增),2026-03-20
19,2723,美食-KY,N/A,-138張,3.0,A,A: pct400 68.58%→69.22% (+0.64%) 人數35→38 (+3人) (4週淨增),2026-03-20
20,3013,晟銘電,N/A,-1.2千張,3.0,A,A: pct400 46.77%→47.57% (+0.80%) 人數33→36 (+3人) (4週淨增),2026-03-20
21,3016,嘉晶,N/A,+2.4千張,3.0,A,A: pct400 71.41%→72.44% (+1.03%) 人數26→29 (+3人) (4週淨增),2026-03-20
22,3017,奇鋐,N/A,+3.1千張,3.0,A,A: pct400 67.69%→68.59% (+0.90%) 人數131→136 (+5人) (4週淨增),2026-03-20
23,3036,文曄,N/A,+6.4千張,3.0,A,A: pct400 89.44%→90.15% (+0.71%) 人數187→202 (+15人) (4週淨增),2026-03-20
24,3293,鈊象,+3.0%,+2.3千張,3.0,A,A: pct400 47.58%→49.23% (+1.65%) 人數65→69 (+4人) (4週淨增),2026-03-20
25,3338,泰碩,N/A,+189張,3.0,A,A: pct400 28.20%→30.17% (+1.97%) 人數14→17 (+3人) (4週淨增),2026-03-20
26,3402,漢科,-1.6%,-427張,3.0,A,A: pct400 30.29%→32.50% (+2.21%) 人數9→12 (+3人) (4週淨增),2026-03-20
27,3580,友威科,+0.8%,+494張,3.0,A,A: pct400 10.85%→14.71% (+3.86%) 人數5→8 (+3人) (4週淨增),2026-03-20
28,3707,漢磊,+5.2%,+7.4千張,3.0,A,A: pct400 44.93%→47.06% (+2.13%) 人數45→49 (+4人) (4週淨增),2026-03-20
29,3715,定穎投控,N/A,+1.6千張,3.0,A,A: pct400 42.52%→52.87% (+10.35%) 人數68→72 (+4人) (4週淨增),2026-03-20
30,4707,磐亞,+0.0%,+8張,3.0,A,A: pct400 62.87%→63.19% (+0.32%) 人數37→40 (+3人) (4週淨增),2026-03-20
31,4755,三福化,N/A,+263張,3.0,A,A: pct400 72.27%→73.30% (+1.03%) 人數16→20 (+4人) (4週淨增),2026-03-20
32,4908,前鼎,+8.0%,+267張,3.0,A,A: pct400 49.70%→53.14% (+3.44%) 人數18→21 (+3人) (4週淨增),2026-03-20
33,4956,光鋐,N/A,+2.0千張,3.0,A,A: pct400 37.18%→42.82% (+5.64%) 人數21→24 (+3人) (4週淨增),2026-03-20
34,5511,德昌,+1.1%,+516張,3.0,A,A: pct400 62.07%→63.77% (+1.70%) 人數36→39 (+3人) (4週淨增),2026-03-20
35,5512,力麒,-2.4%,+8張,3.0,A,A: pct400 59.03%→59.92% (+0.89%) 人數137→146 (+9人) (4週淨增),2026-03-20
36,5904,寶雅,+1.0%,+516張,3.0,A,A: pct400 69.81%→71.25% (+1.44%) 人數44→47 (+3人) (4週淨增),2026-03-20
37,6530,創威,+7.9%,+2.4千張,3.0,A,A: pct400 15.41%→20.24% (+4.83%) 人數6→9 (+3人) (4週淨增),2026-03-20
38,9911,櫻花,N/A,-200張,3.0,A,A: pct400 68.87%→69.87% (+1.00%) 人數57→60 (+3人) (4週淨增),2026-03-20
39,9925,新保,N/A,-140張,3.0,A,A: pct400 68.99%→69.40% (+0.41%) 人數88→91 (+3人) (4週淨增),2026-03-20
40,1304,台聚,N/A,+661張,2.5,C,C: h1000+5 shares1000+5932k,2026-03-20
41,1305,華夏,N/A,+2.5千張,2.5,C,C: h1000+7 shares1000+1508k,2026-03-20
42,2323,中環,N/A,+10.5千張,2.5,C,C: h1000+4 shares1000+19552k,2026-03-20
43,2328,廣宇,N/A,-103張,2.5,C,C: h1000+5 shares1000+8432k,2026-03-20
44,2338,光罩,N/A,+891張,2.5,C,C: h1000+4 shares1000+14034k,2026-03-20
45,2351,順德,N/A,+4.9千張,2.5,C,C: h1000+5 shares1000+7298k,2026-03-20
46,2356,英業達,N/A,+17.1千張,2.5,C,C: h1000+6 shares1000+10906k,2026-03-20
47,2388,威盛,N/A,+6.7千張,2.5,C,C: h1000+4 shares1000+5506k,2026-03-20
48,2399,映泰,N/A,+14.3千張,2.5,C,C: h1000+4 shares1000+10531k,2026-03-20
49,2489,瑞軒,N/A,-23.3千張,2.5,C,C: h1000+6 shares1000+30954k,2026-03-20
50,2530,華建,N/A,-754張,2.5,C,C: h1000+4 shares1000+3675k,2026-03-20
51,2605,新興,N/A,+35.7千張,2.5,C,C: h1000+7 shares1000+15898k,2026-03-20
52,2883,凱基金,N/A,-24.2千張,2.5,C,C: h1000+9 shares1000+11014k,2026-03-20
53,3033,威健,N/A,-1.2千張,2.5,C,C: h1000+6 shares1000+13251k,2026-03-20
54,3035,智原,N/A,+1.8千張,2.5,C,C: h1000+4 shares1000+5108k,2026-03-20
55,4906,正文,N/A,+6.9千張,2.5,C,C: h1000+6 shares1000+17734k,2026-03-20
56,5457,宣德,+6.0%,-351張,2.5,C,C: h1000+5 shares1000+11675k,2026-03-20
57,6139,亞翔,N/A,+7.0千張,2.5,C,C: h1000+4 shares1000+4464k,2026-03-20
58,6290,良維,+2.5%,-4.1千張,2.5,C,C: h1000+6 shares1000+784k,2026-03-20
59,6451,訊芯-KY,N/A,+2.3千張,2.5,C,C: h1000+6 shares1000+9367k,2026-03-20
60,8112,至上,N/A,+1.7千張,2.5,C,C: h1000+6 shares1000+14304k,2026-03-20
61,8464,億豐,N/A,-1.9千張,2.5,C,C: h1000+6 shares1000+12315k,2026-03-20
62,4967,十銓,N/A,+2.6千張,2.5,C,C: h1000+5 shares1000+7121k,2026-03-20
63,2369,菱生,N/A,+19.9千張,2.5,C,C: h1000+4 shares1000+18009k,2026-03-20
64,3189,景碩,N/A,+3.8千張,2.5,C,C: h1000+15 shares1000+71727k,2026-03-20
65,4958,臻鼎-KY,N/A,+4.1千張,2.5,C,C: h1000+5 shares1000+5527k,2026-03-20
66,6179,亞通,+3.0%,+2.8千張,2.5,C,C: h1000+12 shares1000+26483k,2026-03-20
67,1714,和桐,N/A,+4.1千張,2.0,B,B: shares800 +6558k/+4900k (2週),2026-03-20
68,2441,超豐,N/A,-1.9千張,2.0,B,B: shares800 +592k/+10783k (2週),2026-03-20
